Company,Ticker,Year,Revenue,Gross Profit,Operating Income,Operating Expense,Net Income,EBITDA,Pretax Income,Tax Provision,Basic EPS,Diluted EPS
Tesla,TSLA,2021,,,,,,,,,,
Tesla,TSLA,2022,81462000000.0,20853000000.0,13832000000.0,7021000000.0,12583000000.0,17657000000.0,13719000000.0,1132000000.0,4.02,3.62
Tesla,TSLA,2023,96773000000.0,17660000000.0,8891000000.0,8769000000.0,14999000000.0,14796000000.0,9973000000.0,-5001000000.0,4.725697,4.31
Tesla,TSLA,2024,97690000000.0,17450000000.0,7760000000.0,9690000000.0,7130000000.0,14708000000.0,8990000000.0,1837000000.0,2.23,2.04
Ford,F,2021,,,,,,,,,,
Ford,F,2022,158057000000.0,17164000000.0,6276000000.0,10888000000.0,-1981000000.0,4759000000.0,-3016000000.0,-864000000.0,-0.49,-0.49
Ford,F,2023,176191000000.0,16160000000.0,5458000000.0,10702000000.0,4347000000.0,11808000000.0,3967000000.0,-362000000.0,1.09,1.08
Ford,F,2024,184992000000.0,15506000000.0,5219000000.0,10287000000.0,5879000000.0,14236000000.0,7233000000.0,1339000000.0,1.48,1.46
General Motors,GM,2022,156735000000.0,20981000000.0,10314000000.0,10667000000.0,9934000000.0,23874000000.0,11597000000.0,1888000000.0,6.17,6.13
General Motors,GM,2023,171842000000.0,19138000000.0,9298000000.0,9840000000.0,10127000000.0,23202000000.0,10403000000.0,563000000.0,7.35,7.32
General Motors,GM,2024,187442000000.0,23405000000.0,12784000000.0,10621000000.0,6008000000.0,21754000000.0,8519000000.0,2556000000.0,6.45,6.37
Rivian,RIVN,2021,,,,,,,,,,
Rivian,RIVN,2022,1658000000.0,-3123000000.0,-6856000000.0,3733000000.0,-6752000000.0,-5993000000.0,-6748000000.0,4000000.0,-7.4,-7.4
Rivian,RIVN,2023,4434000000.0,-2030000000.0,-5739000000.0,3709000000.0,-5432000000.0,-4274000000.0,-5431000000.0,1000000.0,-5.74,-5.74
Rivian,RIVN,2024,4970000000.0,-1200000000.0,-4689000000.0,3489000000.0,-4747000000.0,-3392000000.0,-4741000000.0,5000000.0,-4.69,-4.69
Lucid,LCID,2021,,,,,,,,,,
Lucid,LCID,2022,608181000.0,-1037905000.0,-2593991000.0,1556086000.0,-1304460000.0,-1086902000.0,-1304081000.0,379000.0,-7.8,-15.1
Lucid,LCID,2023,595271000.0,-1340795000.0,-3075042000.0,1734247000.0,-2828420000.0,-2568948000.0,-2827394000.0,1026000.0,-13.6,-13.6
Lucid,LCID,2024,807832000.0,-923111000.0,-3000516000.0,2077405000.0,-2713942000.0,-2384483000.0,-2712743000.0,1199000.0,-12.5,-12.5
BYD,1211.HK,2022,424060635000.0,72244955000.0,22976482000.0,49268473000.0,16622448000.0,42684498000.0,21079729000.0,3366625000.0,1.903333,1.903333
BYD,1211.HK,2023,602315354000.0,111916409000.0,38412787000.0,73503622000.0,30040811000.0,82378814000.0,37268637000.0,5924567000.0,3.44,3.44
BYD,1211.HK,2024,777102455000.0,151055839000.0,54430364000.0,96625475000.0,40254346000.0,116853507000.0,49680677000.0,8092737000.0,9.22,9.22
NIO,NIO,2021,,,,,,,,,,
NIO,NIO,2022,49268561000.0,5143993000.0,-15640659000.0,20784652000.0,-14559445000.0,-10054730000.0,-14382001000.0,55103000.0,-8.89,-8.89
NIO,NIO,2023,55617933000.0,3051796000.0,-22655184000.0,25706980000.0,-21146967000.0,-15147947000.0,-20458918000.0,260835000.0,-12.44,-12.44
NIO,NIO,2024,65731559000.0,6492762000.0,-21874073000.0,28366835000.0,-22657692000.0,-13925480000.0,-22424524000.0,-22815000.0,-11.03,-11.03
XPeng,XPEV,2021,,,,,,,,,,
XPeng,XPEV,2022,26855119000.0,3088391000.0,-8705523000.0,11793914000.0,-9138972000.0,-7575462000.0,-9118358000.0,24731000.0,-10.68,-10.68
XPeng,XPEV,2023,30676067000.0,451155000.0,-10918773000.0,11369928000.0,-10375775000.0,-8017755000.0,-10393705000.0,36810000.0,-11.92,-11.92
XPeng,XPEV,2024,40866309000.0,5845768000.0,-6892383000.0,12738151000.0,-5790264000.0,-2914353000.0,-5830975000.0,-69780000.0,-6.12,-6.12
Li Auto,LI,2021,,,,,,,,,,
Li Auto,LI,2022,45286816000.0,8790456000.0,-3654877000.0,12445333000.0,-2012215000.0,-839160000.0,-2159355000.0,-127007000.0,-2.08,-2.08
Li Auto,LI,2023,123851332000.0,27496751000.0,7406877000.0,20089874000.0,11704133000.0,12343015000.0,10451763000.0,-1357362000.0,11.9,11.1
Li Auto,LI,2024,144459946000.0,29656138000.0,7019114000.0,22637024000.0,8032350000.0,12561244000.0,9315624000.0,1270374000.0,8.06,7.58
Geely,0175.HK,2021,,,,,,,,,,
Geely,0175.HK,2022,147964647000.0,20895637000.0,1449685000.0,19445952000.0,5260353000.0,13454654000.0,4681941000.0,32278000.0,0.51,0.5
Geely,0175.HK,2023,179203592000.0,27415069000.0,3922284000.0,23492785000.0,5308408000.0,13569717000.0,4949942000.0,14924000.0,0.51,0.51
Geely,0175.HK,2024,275910484000.0,45803749000.0,9003611000.0,36800138000.0,16811878000.0,32896497000.0,18127182000.0,1782140000.0,1.64,1.63
Mahindra and Mahindra,M&M.NS,2022,,,,,,,,,,
Mahindra and Mahindra,M&M.NS,2023,1190403800000.0,443947700000.0,159886100000.0,284061600000.0,102815000000.0,240884200000.0,140602300000.0,26857500000.0,92.41,91.96
Mahindra and Mahindra,M&M.NS,2024,1358030300000.0,516010800000.0,196098400000.0,319912400000.0,112686400000.0,278480400000.0,159777900000.0,37079700000.0,101.14,100.7
Ashok Leyland,ASHOKLEY.NS,2022,,,,,,,,,,
Ashok Leyland,ASHOKLEY.NS,2023,414883000000.0,125527500000.0,48394600000.0,77132900000.0,12387100000.0,52586500000.0,22649300000.0,9061100000.0,2.11,2.105
Ashok Leyland,ASHOKLEY.NS,2024,455172600000.0,161705000000.0,75011300000.0,86693700000.0,24835200000.0,80156100000.0,41060700000.0,14097300000.0,4.23,4.225
Eicher Motors,EICHERMOT.NS,2022,,,,,,,,,61.33,61.26
Eicher Motors,EICHERMOT.NS,2023,141759000000.0,57017500000.0,29652600000.0,27364900000.0,29139400000.0,43538600000.0,37996300000.0,8856900000.0,106.56,106.38
Eicher Motors,EICHERMOT.NS,2024,162340200000.0,70142300000.0,37975500000.0,32166800000.0,40010100000.0,58505000000.0,52020200000.0,12010100000.0,146.18,145.92
TVS Motor,TVSMOTOR.NS,2022,,,,,,,,,,
TVS Motor,TVSMOTOR.NS,2023,274336800000.0,65280200000.0,-5469900000.0,70750100000.0,13286700000.0,41507400000.0,19360300000.0,6265700000.0,27.97,27.97
TVS Motor,TVSMOTOR.NS,2024,326684600000.0,83429900000.0,-5813500000.0,89243400000.0,16863700000.0,55486300000.0,26676200000.0,9140400000.0,35.5,35.5
Bajaj Auto,BAJAJ-AUTO.NS,2023,353915200000.0,87337700000.0,60625400000.0,26712300000.0,60602100000.0,81673400000.0,78419800000.0,17817700000.0,212.5,212.5
Bajaj Auto,BAJAJ-AUTO.NS,2024,437820800000.0,113941300000.0,82713000000.0,31228300000.0,77082400000.0,104651700000.0,100400400000.0,23318000000.0,272.7,272.4
Hero MotoCorp,HEROMOTOCO.NS,2022,,,,,,,,,,
Hero MotoCorp,HEROMOTOCO.NS,2023,337377200000.0,97033200000.0,34485600000.0,62547600000.0,28099600000.0,46658800000.0,38636200000.0,10637200000.0,140.62,140.49
Hero MotoCorp,HEROMOTOCO.NS,2024,375990300000.0,119662800000.0,45856300000.0,73806500000.0,37448300000.0,59239300000.0,50902000000.0,13480400000.0,187.36,187.04
Olectra Greentech,OLECTRA.NS,2022,,,,,,,,,4.31,4.31
Olectra Greentech,OLECTRA.NS,2023,10896329000.0,2371306000.0,1196905000.0,1174401000.0,655945000.0,1414635000.0,894329000.0,225398000.0,7.99,7.99
Olectra Greentech,OLECTRA.NS,2024,11541354000.0,3299110000.0,1349334000.0,1452192000.0,768334000.0,1855074000.0,1057776000.0,271234000.0,9.36,9.36
JBM Auto,JBMA.NS,2022,,,,,,,,,,
JBM Auto,JBMA.NS,2023,35288614000.0,6982629000.0,2746541000.0,4236088000.0,1243834000.0,4206685000.0,1695317000.0,444002000.0,5.26,5.26
JBM Auto,JBMA.NS,2024,47231860000.0,10488755000.0,4146951000.0,6341804000.0,1788265000.0,5981160000.0,2460988000.0,523737000.0,7.56,7.56
Ola Electric,OLAELEC.NS,2022,,,,,,,,,,
Ola Electric,OLAELEC.NS,2023,26004760000.0,105030000.0,-13923130000.0,14028160000.0,-14720790000.0,-11970980000.0,-14720790000.0,0.0,-3.33742,-3.33742
Ola Electric,OLAELEC.NS,2024,47980000000.0,3870000000.0,-15680000000.0,19550000000.0,-15840000000.0,-10400000000.0,-15840000000.0,0.0,-3.591161,-3.591161
Toyota,7203.T,2022,,,,,,,,,,
Toyota,7203.T,2023,37154298000000.0,6313016000000.0,2725026000000.0,3587990000000.0,2451318000000.0,5755993000000.0,3668733000000.0,1175765000000.0,179.47,179.47
Toyota,7203.T,2024,45095325000000.0,9368318000000.0,5352935000000.0,4015383000000.0,4944933000000.0,9116884000000.0,6965085000000.0,1893665000000.0,365.94,365.94
Honda,7267.T,2022,,,,,,,,,,
Honda,7267.T,2023,16907725000000.0,3331592000000.0,780769000000.0,2550823000000.0,651416000000.0,1637307000000.0,879565000000.0,162256000000.0,136.623333,136.623333
Honda,7267.T,2024,20428802000000.0,4412143000000.0,1381977000000.0,3030166000000.0,1107174000000.0,2496381000000.0,1642384000000.0,459794000000.0,225.88,225.88
Nissan,7201.T,2022,8424585000000.0,1354054000000.0,247307000000.0,1106747000000.0,215533000000.0,1085144000000.0,384210000000.0,145440000000.0,55.07,55.07
Nissan,7201.T,2023,10596695000000.0,1713849000000.0,377109000000.0,1336740000000.0,221900000000.0,1118027000000.0,402436000000.0,161237000000.0,56.67,56.67
Nissan,7201.T,2024,12685716000000.0,2066914000000.0,568718000000.0,1498196000000.0,426649000000.0,1316253000000.0,599225000000.0,149673000000.0,114.071076,114.071076
Hyundai,005380.KS,2021,,,,,,,,,,
Hyundai,005380.KS,2022,142151469000000.0,28271900000000.0,9824928000000.0,18446972000000.0,7364364000000.0,16752500000000.0,11181471000000.0,2979168000000.0,28521.0,28521.0
Hyundai,005380.KS,2023,162663579000000.0,33484396000000.0,15126901000000.0,18357495000000.0,11961717000000.0,23122689000000.0,17618662000000.0,4626640000000.0,45703.0,45703.0
Hyundai,005380.KS,2024,175231153000000.0,35749207000000.0,14239592000000.0,21509615000000.0,12526691000000.0,22519940000000.0,17781436000000.0,4232418000000.0,47615.0,47615.0
Kia,000270.KS,2022,86559029000000.0,18023019000000.0,7233513000000.0,10789506000000.0,5409429000000.0,10157575000000.0,7501993000000.0,2093017000000.0,13495.0,13495.0
Kia,000270.KS,2023,99808420000000.0,22628847000000.0,11610599000000.0,11018248000000.0,8776970000000.0,15212727000000.0,12677344000000.0,3899527000000.0,22168.0,22168.0
Kia,000270.KS,2024,107448752000000.0,24770771000000.0,12667139000000.0,12103632000000.0,9772957000000.0,16150959000000.0,13500201000000.0,3725196000000.0,24893.0,24893.0
BMW,BMW.DE,2022,142610000000.0,24568000000.0,14209000000.0,10359000000.0,17941000000.0,32305000000.0,23509000000.0,4927000000.0,27.31,27.31
BMW,BMW.DE,2023,155498000000.0,29689000000.0,18476000000.0,11213000000.0,11290000000.0,26726000000.0,17096000000.0,4931000000.0,17.67,17.67
BMW,BMW.DE,2024,142380000000.0,22895000000.0,11394000000.0,11501000000.0,7290000000.0,20194000000.0,10971000000.0,3293000000.0,11.62,11.62
Mercedes Benz,MBG.DE,2021,,,,,,,,,,
Mercedes Benz,MBG.DE,2022,150017000000.0,34020000000.0,17884000000.0,16136000000.0,14501000000.0,27252000000.0,20304000000.0,5495000000.0,13.55,13.55
Mercedes Benz,MBG.DE,2023,152390000000.0,35004000000.0,17522000000.0,17482000000.0,14261000000.0,27438000000.0,20084000000.0,5553000000.0,13.46,13.46
Mercedes Benz,MBG.DE,2024,145594000000.0,28576000000.0,12301000000.0,16275000000.0,10207000000.0,21505000000.0,14147000000.0,3738000000.0,10.19,10.19
Volkswagen,VOW3.DE,2021,,,,,,,,,,
Volkswagen,VOW3.DE,2022,279050000000.0,52184000000.0,18488000000.0,33696000000.0,15457000000.0,52199000000.0,22070000000.0,6217000000.0,29.66,29.66
Volkswagen,VOW3.DE,2023,322284000000.0,60985000000.0,25699000000.0,35286000000.0,16532000000.0,54305000000.0,23099000000.0,5237000000.0,31.79,31.79
Volkswagen,VOW3.DE,2024,324655000000.0,59471000000.0,21664000000.0,37807000000.0,11351000000.0,51599000000.0,16806000000.0,4411000000.0,21.36,21.36
Porsche,P911.DE,2021,,,,,,,,,,
Porsche,P911.DE,2022,37636000000.0,10549000000.0,6569000000.0,3980000000.0,4960000000.0,10375000000.0,7081000000.0,2114000000.0,5.44,5.44
Porsche,P911.DE,2023,40529000000.0,11606000000.0,7142000000.0,4464000000.0,5157000000.0,11087000000.0,7375000000.0,2218000000.0,5.66,5.66
Porsche,P911.DE,2024,40082000000.0,10327000000.0,5506000000.0,4821000000.0,3592000000.0,9538000000.0,5227000000.0,1632000000.0,3.94,3.94
Volvo,VOLV-B.ST,2021,,,,,,,,,,
Volvo,VOLV-B.ST,2022,473479000000.0,111738000000.0,49647000000.0,62091000000.0,32722000000.0,67011000000.0,45077000000.0,12108000000.0,16.09,16.09
Volvo,VOLV-B.ST,2023,552252000000.0,149838000000.0,80519000000.0,69319000000.0,49825000000.0,89637000000.0,66726000000.0,16794000000.0,24.5,24.5
Volvo,VOLV-B.ST,2024,526816000000.0,144049000000.0,69788000000.0,74261000000.0,50389000000.0,90430000000.0,67210000000.0,16634000000.0,24.78,24.78
Renault,RNO.PA,2021,,,,,,,,,,
Renault,RNO.PA,2022,46328000000.0,9217000000.0,2638000000.0,6579000000.0,-354000000.0,6030000000.0,2128000000.0,524000000.0,-1.3,-1.3
Renault,RNO.PA,2023,52376000000.0,10962000000.0,4117000000.0,6845000000.0,2198000000.0,6394000000.0,2838000000.0,523000000.0,8.11,7.99
Renault,RNO.PA,2024,56232000000.0,11732000000.0,4263000000.0,7469000000.0,752000000.0,5100000000.0,1538000000.0,647000000.0,2.593977,2.593977
Ferrari,RACE,2021,,,,,,,,,,
Ferrari,RACE,2022,5095254000.0,2446301000.0,1221207000.0,1225094000.0,932614000.0,1749480000.0,1177766000.0,238472000.0,5.11,5.09
Ferrari,RACE,2023,5970146000.0,2974269000.0,1611232000.0,1363037000.0,1252048000.0,2293917000.0,1602354000.0,344897000.0,6.91,6.9
Ferrari,RACE,2024,6676668000.0,3347185000.0,1879506000.0,1467679000.0,1521877000.0,2595787000.0,1888956000.0,363043000.0,8.47,8.46
VinFast,VFS,2021,,,,,,,,,,
VinFast,VFS,2022,13927746000000.0,-13046779000000.0,-43799584000000.0,30752805000000.0,-52887812000000.0,-38978737000000.0,-51896362000000.0,1062335000000.0,-22774.749282,-22774.749282
VinFast,VFS,2023,27883821000000.0,-13710911000000.0,-41565290000000.0,27854379000000.0,-60168126000000.0,-43062198000000.0,-60173423000000.0,76925000000.0,-24710.0,-24710.0
VinFast,VFS,2024,44019015000000.0,-25277639000000.0,-54061772000000.0,28784133000000.0,-77265364000000.0,-51847002000000.0,-77384644000000.0,-29695000000.0,-33042.0,-33042.0
Magna,MGA,2021,,,,,,,,,,
Magna,MGA,2022,37840000000.0,4652000000.0,1573000000.0,3079000000.0,592000000.0,2423000000.0,878000000.0,237000000.0,2.04,2.03
Magna,MGA,2023,42797000000.0,5612000000.0,2038000000.0,3574000000.0,1213000000.0,3596000000.0,1606000000.0,320000000.0,4.24,4.23
Magna,MGA,2024,42836000000.0,5799000000.0,2116000000.0,3683000000.0,1009000000.0,3779000000.0,1542000000.0,446000000.0,3.52,3.52
Foxconn,2317.TW,2022,6626996750000.0,400085158000.0,173787842000.0,226297316000.0,141482714000.0,298707989000.0,187511486000.0,36439937000.0,10.21,10.06
Foxconn,2317.TW,2023,6162221359000.0,387947469000.0,166528495000.0,221418974000.0,142098208000.0,342173235000.0,192224213000.0,37434831000.0,10.25,10.07
Foxconn,2317.TW,2024,6859615493000.0,428945918000.0,200607227000.0,228338691000.0,152705066000.0,336552192000.0,211875157000.0,40195922000.0,11.01,10.79
